donor_id,modality,tissue,platform,batch,n_cells_captured,doublet_rate_pct,collection_date,disease_status,disease_duration_years,age_at_collection,sex,ethnicity,hba1c,gad_autoantibody,znt8_autoantibody,ia2_autoantibody,access_level,lighthouse_path,portal
HPAP-002,scRNA-seq,Pancreatic islet,10x Genomics Chromium v3,Batch_01,8420,7.8,2024-03-15,T1D,3.2,28,M,European,6.9,Positive,Negative,Positive,DUA-HPAP-2024-001,/lighthouse/mai-t1d/raw/scrna/hpap002/,hpap.pmacs.upenn.edu
HPAP-007,scRNA-seq,Pancreatic islet,10x Genomics Chromium v3,Batch_01,7950,6.4,2024-03-15,T1D,1.5,34,F,European,7.4,Positive,Positive,Negative,DUA-HPAP-2024-001,/lighthouse/mai-t1d/raw/scrna/hpap007/,hpap.pmacs.upenn.edu
HPAP-011,scRNA-seq,Pancreatic islet,10x Genomics Chromium v3,Batch_02,9100,8.1,2024-04-02,T1D,8.7,45,M,European,7.1,Positive,Negative,Negative,DUA-HPAP-2024-001,/lighthouse/mai-t1d/raw/scrna/hpap011/,hpap.pmacs.upenn.edu
HPAP-015,scRNA-seq,Pancreatic islet,10x Genomics Chromium v3,Batch_02,8760,9.2,2024-04-02,T1D,12.3,52,F,Hispanic,7.8,Positive,Positive,Positive,DUA-HPAP-2024-001,/lighthouse/mai-t1d/raw/scrna/hpap015/,hpap.pmacs.upenn.edu
HPAP-021,scRNA-seq,Pancreatic islet,10x Genomics Chromium v3,Batch_03,7680,7.0,2024-05-10,T1D,0.8,19,F,European,8.2,Positive,Negative,Positive,DUA-HPAP-2024-001,/lighthouse/mai-t1d/raw/scrna/hpap021/,hpap.pmacs.upenn.edu
HPAP-028,scRNA-seq,Pancreatic islet,10x Genomics Chromium v3,Batch_03,8310,8.5,2024-05-10,Control,0.0,41,M,African American,5.4,Negative,Negative,Negative,DUA-HPAP-2024-001,/lighthouse/mai-t1d/raw/scrna/hpap028/,hpap.pmacs.upenn.edu
HPAP-033,scRNA-seq,Pancreatic islet,10x Genomics Chromium v3,Batch_04,9240,6.9,2024-06-18,Control,0.0,37,F,European,5.1,Negative,Negative,Negative,DUA-HPAP-2024-001,/lighthouse/mai-t1d/raw/scrna/hpap033/,hpap.pmacs.upenn.edu
HPAP-039,scRNA-seq,Pancreatic islet,10x Genomics Chromium v3,Batch_04,8050,7.3,2024-06-18,T1D,22.1,61,M,European,6.6,Positive,Negative,Negative,DUA-HPAP-2024-001,/lighthouse/mai-t1d/raw/scrna/hpap039/,hpap.pmacs.upenn.edu
HPAP-044,scRNA-seq,Pancreatic islet,10x Genomics Chromium v3,Batch_05,7820,8.8,2024-07-22,T1D,5.4,29,F,Asian,7.3,Positive,Positive,Negative,DUA-HPAP-2024-001,/lighthouse/mai-t1d/raw/scrna/hpap044/,hpap.pmacs.upenn.edu
HPAP-049,scRNA-seq,Pancreatic islet,10x Genomics Chromium v3,Batch_05,8640,7.6,2024-07-22,Control,0.0,55,M,European,5.2,Negative,Negative,Negative,DUA-HPAP-2024-001,/lighthouse/mai-t1d/raw/scrna/hpap049/,hpap.pmacs.upenn.edu
